"last_name, first_name","player_id","year","pa","k_percent","bb_percent","woba","xwoba","avg_swing_speed","fast_swing_rate","blasts_contact","blasts_swing","squared_up_contact","squared_up_swing","avg_swing_length","swords","attack_angle","attack_direction","ideal_angle_rate","vertical_swing_path","exit_velocity_avg","launch_angle_avg","sweet_spot_percent","barrel_batted_rate","hard_hit_percent","avg_best_speed","avg_hyper_speed","whiff_percent","swing_percent"
"Hayes, Ke'Bryan",663647,2025,207,18.4,5.3,".258",".291","70.7",11.3,18.8,14.4,42,32.3,"6.7",3,4.8,2,49.5,26.7,"90.5","8.4",28.4,6.5,47.1,"100.742709474","94.917452517",21.7,43.9
"Witt Jr., Bobby",677951,2025,241,18.3,7.9,".355",".371","74.3",46.7,17.7,13.8,32.9,25.6,"7",8,4.7,-0.7,43.2,28.8,"92.5","14.4",37.1,10.3,46.3,"103.321682874","96.265612139",23.1,52.1
"Judge, Aaron",592450,2025,240,21.3,15,".517",".477","76.6",68.2,25.6,17.8,35,24.4,"8.1",11,14.7,-6.4,55.9,39.2,"95.2","16.3",37.1,23.2,55.6,"106.735027368","98.488085497",32.8,45.3
"Perez, Salvador",521692,2025,212,22.6,4.2,".274",".364","72.8",28.1,17.8,13.1,30,22.2,"7.9",9,12.7,-5.5,56.2,34.5,"90.5","16.5",37.5,13.8,47.4,"102.426431974","95.518678487",28.3,57.6
"Steer, Spencer",668715,2025,196,25,7.7,".280",".284","70.6",4.9,9.7,7.2,29.3,22,"7.5",5,12.9,-3.4,56.6,28.3,"86.8","15.4",34.4,6.1,31.3,"97.457677424","92.832564122",26.2,49.6
"India, Jonathan",663697,2025,209,14.8,11.5,".289",".332","71.4",18,12.3,10.2,36.4,30.3,"7.3",7,9.1,-4.3,63.8,27.5,"89.1","17.8",36.4,5.3,38.4,"98.455923158","93.453937152",19.4,41.1
"Ozuna, Marcell",542303,2025,215,21.9,20,".396",".407","73.8",44.6,18.1,13.8,34.6,26.3,"7.3",1,14.2,-2,57.7,36.7,"92.9","14.6",35.5,12.1,53.2,"103.587711935","96.690025242",24.9,37.4
"Crews, Dylan",686611,2025,173,27.7,6.4,".277",".343","73.5",37.5,16.5,11.7,32.4,23,"7.3",11,7.7,-1.4,50.4,25.6,"90.1","7.7",30,14.5,40.9,"101.26588","95.040919352",31.5,46.6
"Diaz, Yainer",673237,2025,184,19.6,3.8,".276",".326","71.9",16.8,15.4,12.2,33.6,26.6,"7.4",9,11.1,-1.1,63.6,27.6,"90.1","13.3",33.8,9.4,40.3,"100.018681143","94.195901727",24,57.2
"Caminero, Junior",691406,2025,201,19.4,4.5,".311",".321","78.2",77.5,19.3,15.7,27.7,22.5,"8.2",9,5,-3.2,47,26.8,"91.4","4.9",22.9,8.5,49.7,"103.583162078","96.223313464",21.2,50.7
"Soderstrom, Tyler",691016,2025,231,24.2,8.7,".349",".377","73.9",35.1,22.2,16.7,34.4,25.9,"7.6",12,11.1,-0.6,54.9,32.6,"92.7","10.1",40.5,15.7,52.3,"104.136884079","96.862381184",27.3,49.2
"Toglia, Michael",669911,2025,196,39.3,8.7,".276",".279","72.8",21.6,15,10,28,18.8,"7.6",13,15.1,-2.9,44.1,36,"89.3","16.3",36.6,10.9,40.6,"100.932635","94.7569394",37.4,46.5
"Torkelson, Spencer",679529,2025,227,23.8,13.2,".375",".385","73.1",24.4,16.5,12.1,34.9,25.6,"7.8",4,14.5,-8.4,48.3,39.6,"91.3","22.3",41.3,14.5,46.4,"101.162288406","95.214940145",27.3,44.2
"Contreras, Willson",575929,2025,213,24.9,7.5,".318",".360","76",59,17.8,13,28.3,20.6,"7.9",2,8.4,0.1,48,32.5,"89.9","6.3",37.2,10.9,43.8,"102.820928824","95.722807852",28,49.7
"Suárez, Eugenio",553993,2025,222,23.9,8.1,".355",".376","72.5",26,16.4,11.9,35.2,25.7,"7.9",21,19.1,-6,44.2,38.9,"91.7","22.7",34.7,15.3,52.1,"102.309205278","95.816006806",28.8,48.4
"O'Hoppe, Logan",681351,2025,174,33.9,4,".357",".350","71.2",15.4,21.3,14.1,34.7,23,"7.6",7,16.5,-3.1,51.1,33.5,"91.9","20.4",37.4,19.6,53.3,"102.518617963","95.820452804",35.4,49.4
"Busch, Michael",683737,2025,192,25,10.9,".358",".374","69.7",8.1,12.9,9.4,35.5,25.9,"7.1",9,17.9,-1.8,48.8,36.9,"90.7","15.6",40.7,13.6,46.6,"100.748986102","94.886744786",27.6,45.8
"Bellinger, Cody",641355,2025,205,18,10.2,".348",".338","70.4",9.5,13.1,10.3,33.9,26.6,"7.8",4,14.7,-4.7,59,32.6,"89.9","20.6",39.5,10.2,40.1,"99.767028904","94.143431448",21.9,46.5
"Paredes, Isaac",670623,2025,228,15.4,12.7,".381",".343","68.8",8.9,10.3,8.9,32.4,27.9,"8",3,14.7,-15.1,53.8,32.3,"86.9","18.5",40.4,5.6,34.2,"98.145629506","93.18533559",14.4,39.6
"Ruiz, Keibert",660688,2025,186,10.2,4.3,".307",".318","65.9",0.4,10.1,8.7,46.6,40.1,"7.1",2,10.8,-9.7,53.4,34.1,"87.1","9.9",33.3,1.9,34.6,"96.977485","92.511302949",15,52.6
"Freeman, Freddie",518692,2025,183,18.6,10.9,".447",".411","69.4",7.3,17.6,13.2,41.9,31.4,"6.9",5,11.1,0.9,50.5,42.5,"92.4","15.6",44.9,12.6,47.2,"101.342740781","95.490239606",27.4,50.7
"Rodríguez, Julio",677594,2025,231,19,8.2,".319",".355","75.6",56.1,18.5,13,31.7,22.3,"7.7",6,6.9,0,47.6,32.5,"91.4","7.6",29.9,7.9,45.1,"102.884895732","95.725514356",29.8,56.7
"Frelick, Sal",686217,2025,200,12,8.5,".334",".318","68",6.4,8.5,7.5,36.4,32.1,"7",4,8.3,-1.4,53.6,28.9,"86.5","10",27.7,3.2,31,"96.6663952","92.3658496",12.3,42.2
"Altuve, Jose",514888,2025,220,16.8,7.3,".300",".279","68.8",5.7,8.9,7.3,33.6,27.4,"7.5",6,14.2,-3.4,55.2,28.5,"85.1","15.7",22.2,4.8,29.9,"96.676302317","92.366468037",20,48.2
"Tucker, Kyle",663656,2025,249,12.4,14.5,".388",".413","72.3",25.8,18.6,15.4,40.1,33.2,"7.5",8,10.8,-8.4,50.7,33.8,"91.3","18.8",38.5,13.7,47.3,"100.936661099","95.050729341",19.2,45.9
"Lee, Jung Hoo",808982,2025,224,12.1,6.3,".343",".342","68.5",4.4,10.1,8.7,41.9,36.2,"7.6",4,6.7,-4.8,45.3,39.2,"88.5","12.7",36.3,3.8,29.7,"97.158701444","92.694249889",14.8,46.3
"Langford, Wyatt",694671,2025,191,24.1,10.5,".344",".369","73.7",32.6,19.6,15.3,37.5,29.2,"7.1",2,17.4,-0.7,44.4,34.7,"91.6","15.3",33.1,14.5,49.2,"102.679635","96.050136452",23.8,43.4
"García, Luis",671277,2025,178,14,6.2,".282",".347","72.2",26.8,17.3,13.9,40.4,32.5,"7.4",8,10.3,-3.1,65.4,29.3,"89.2","6.7",32.1,7.9,44.3,"100.241126429","94.616022086",21,50.9
"Peña, Jeremy",665161,2025,225,15.1,6.2,".351",".346","72.2",13.5,19.9,15.5,36.5,28.4,"7.5",5,10,-7.6,61.3,29.7,"88.4","9",30.2,6.5,40.2,"100.442445181","94.332476205",24.3,48.8
"Guerrero Jr., Vladimir",665489,2025,233,15.9,13.7,".356",".394","75.7",57.4,23.8,18.3,36.5,28.1,"7.5",2,1.1,-0.7,31.9,25.9,"92.1","7",32.1,13.6,50.6,"105.622379383","97.249708025",22.3,41.5
"Raleigh, Cal",663728,2025,226,27,15,".404",".394","74.6",46.2,16.1,11.9,25.1,18.6,"7.8",8,17.9,-9.3,44.3,33.6,"92","23.5",38.8,22.5,47.3,"102.891556","96.163434186",28.9,48.9
"Springer III, George",543807,2025,185,24.3,14.6,".349",".377","72.4",28.8,19.5,13.2,39.1,26.5,"7.5",7,13.1,-1,56,34.6,"91.5","16.6",37.3,17.3,49.1,"101.648427273","95.475116239",32.5,41
"Domínguez, Jasson",691176,2025,179,27.9,12.8,".331",".341","73.4",33.4,17.1,12.1,28.8,20.4,"7.8",6,7,-4.8,50.6,31.1,"90.5","15.5",33.3,9.5,52.4,"102.143539245","95.703313048",30.5,50.1
"Tatis Jr., Fernando",665487,2025,222,19.8,9,".363",".389","73.2",35.6,23.5,17.2,38.6,28.3,"7.2",10,7.1,3.9,53.9,30.9,"93.9","6",25.5,13.4,53.5,"104.187287564","97.129271935",28.8,48.7
"Mullins II, Cedric",656775,2025,203,24.6,11.3,".337",".309","71.2",12.3,13,10.3,30.2,24,"7.6",10,11.8,-6.4,64.5,29.8,"89.4","23.9",35.2,7.8,39.1,"99.593848413","94.050730635",22.9,45.9
"Campbell, Kristian",692225,2025,198,26.8,11.6,".301",".308","73",36,17.7,13.1,33.6,24.8,"6.8",9,11.4,7.6,41.7,35,"89.5","7.7",30.3,6.6,43.4,"100.883061667","94.7444765",28.3,42.7
"Goodman, Hunter",696100,2025,210,24.8,5.7,".338",".301","74.3",41.2,16.2,11,31.2,21.3,"7.2",8,12.8,-6.7,59.3,26,"90.9","17.5",27.3,9.1,47.6,"102.628997887","95.818823475",33.3,55.6
"Suzuki, Seiya",673548,2025,225,26.7,8.9,".385",".373","72.8",33.5,18.8,15,34.9,27.9,"7.2",8,8.5,-2.2,51.2,30.8,"93","15.1",44.8,15.9,50.3,"103.636486849","96.349086",22.5,40.8
"Swanson, Dansby",621020,2025,229,25.8,8.3,".331",".355","70.9",6.4,18.3,13.2,37.4,26.9,"7.4",9,15.2,-1.4,63,34.3,"89.9","14.1",33.1,11.9,44.4,"100.9118108","94.71748",30.8,46.4
"Bichette, Bo",666182,2025,243,16.5,5.8,".311",".362","68.9",8.8,15.4,12.5,36.4,29.6,"7.3",7,6.6,-1.5,37.3,37.5,"91.1","8.8",38,8.6,49.7,"102.215045806","95.692943871",19.2,51.4
"Castellanos, Nick",592206,2025,222,17.6,5.9,".311",".324","70.9",20.7,12.9,9.4,33.8,24.5,"7.7",7,15.6,-4.7,49,39.5,"88.8","18.5",41.7,7.1,38.1,"98.814938929","93.652636347",28,57.2
"Wells, Austin",669224,2025,173,23.1,7.5,".303",".308","73.5",36,17.2,12.7,30.7,22.7,"7.7",5,11,-4.7,46,33.3,"91.2","21.6",32.5,11.1,47.9,"101.966801034","95.546410086",27.6,51.5
"Sheets, Gavin",657757,2025,176,25.6,5.1,".354",".339","73.9",44.5,19.3,14.7,34.5,26.4,"7.8",12,9.1,-8.1,55.5,28.5,"92.2","17.5",44.2,10.8,52.5,"101.688957","95.695867479",26.9,45.7
"Flores, Wilmer",527038,2025,208,17.8,8.2,".336",".308","65.6",0.3,5.5,4.4,34.2,27.7,"6.9",7,9.9,-5,52.8,31.3,"84.7","16.3",39.5,5.9,23.7,"95.540895263","91.771344868",19.1,45.8
"Rengifo, Luis",650859,2025,175,16.6,4.6,".242",".296","69.9",9,11,8.7,34.7,27.3,"7.1",2,7.5,4.4,50.3,33.5,"86.2","2.8",30.4,3.6,29,"97.002119118","92.515709265",20.2,53.5
"Adames, Willy",642715,2025,236,25.8,9.7,".277",".297","71.7",19.4,10.9,8.3,29,22.2,"8.2",4,17.8,-3.8,54,33.9,"88.4","20.9",29.1,11.3,45,"99.7373192","94.1189318",26.2,47.3
"Cruz, Oneil",665833,2025,200,32,16,".369",".401","78.9",77.4,27.7,18.3,35.3,23.3,"7.8",6,10.1,-8.5,52.3,33.6,"97.1","10.6",38.2,25.5,61.8,"109.114727647","100.027068039",34.4,39.4
"Vientos, Mark",668901,2025,192,21.4,8.9,".303",".300","70.4",9.5,12.9,9.2,38.2,27.2,"7.5",11,14.1,3.5,65,32.2,"90.5","11.1",33.3,6.8,44.7,"100.266555909","94.667171212",30.3,50.1
"Massey, Michael",686681,2025,190,15.3,2.1,".215",".241","70",5.5,9.5,7.9,33.3,27.6,"7.2",1,12.4,-6.2,62.4,30.9,"87.2","23",33.3,3.2,30.8,"97.084213506","92.582919608",18.4,54.3
"Wilson Jr., Jacob",805779,2025,215,5.1,5.6,".388",".332","63.4",0.3,2.7,2.4,43.9,40.6,"6",4,1.6,0.9,36.4,35.8,"86.8","7.1",31.1,3.2,27.4,"95.973649892","92.073125946",8.3,51.3
"Yastrzemski, Mike",573262,2025,194,21.1,12.9,".339",".336","70.3",5.6,13.9,11.5,34.6,28.7,"7.4",4,9.9,-0.3,62.6,29.7,"90.4","16.6",35.4,8.7,41.7,"99.689175484","94.266197258",18.8,42.8
"Garcia, Maikel",672580,2025,218,15.6,9.2,".369",".351","71.7",15.8,21.7,18.6,39.8,34,"7.3",6,5.2,1.5,47.1,27,"91.1","9.3",35,6.1,44.2,"101.472780875","94.96691575",16.1,39.9
"Ortiz, Joey",687401,2025,183,15.8,6.6,".231",".288","72.5",23.8,12.2,10.3,29.7,25.3,"7.6",4,3,-1.5,38.7,28.1,"84.8","14.7",29.3,2.9,32.9,"97.704993731","92.854030149",16.2,45.3
"Story, Trevor",596115,2025,216,30.1,4.6,".266",".291","70.6",11.2,14.4,9.9,27.3,18.9,"7.3",9,10.4,-4,49.4,30.1,"89.7","11.7",29,10.1,47.1,"102.032483913","95.396524526",30.2,54.6
"Larnach, Trevor",663616,2025,213,21.1,8.9,".314",".320","71.9",22.1,16.1,12.1,35.3,26.6,"7.4",9,6.9,-9,39,35.5,"90.7","8.8",29.5,7.5,43.8,"101.515192877","95.206638082",27.8,45.7
"Turner, Trea",607208,2025,230,18.3,7.4,".356",".315","70.6",13,12,9.1,34.4,26.2,"7.5",7,8.5,-4.1,63.3,27.9,"88.2","9.1",34.3,5.3,36.7,"99.22691381","93.745213631",24.8,48
"Greene, Riley",682985,2025,222,29.7,7.7,".357",".348","74.6",47.8,16.8,11.9,27.6,19.6,"7.1",3,12.5,2.7,45.3,45.5,"90.7","9.5",37,17.4,49.3,"103.003646232","95.981055652",29.9,51.1
"Wood, James",695578,2025,233,26.2,12.9,".396",".395","75.7",60.7,24.5,18.1,34.5,25.4,"7.6",12,8.5,2,34.2,40.5,"93.7","4",29.1,17,58.2,"106.460968857","98.23406741",28.9,38.9
"Hoskins, Rhys",656555,2025,199,24.6,13.6,".372",".350","70.8",13.7,16.3,12.3,35.7,27,"8.2",10,16.3,-6.8,48.1,33.8,"91.6","20.8",44.6,11.6,47.1,"100.602501311","94.711609669",26.7,40
"Aranda, Jonathan",666018,2025,181,24.9,9.9,".382",".389","70",11.5,15.3,11.2,31.5,23,"7.3",5,9.6,4.2,55.7,36.2,"92.9","13.3",40,12.2,55.7,"102.960220351","96.495190789",27,47.1
"Stowers, Kyle",669065,2025,204,27.5,8.8,".386",".396","75",50.1,20.2,13.9,29.6,20.4,"6.7",14,10.3,1.7,49.9,33.8,"91.5","13.9",40.2,20.5,53.5,"103.860025873","96.520306429",33.7,55.7
"Arenado, Nolan",571448,2025,209,12,8.6,".299",".297","71.6",17.6,10.4,8.6,34.1,28.4,"8.6",8,11.4,-11.3,52.8,32.9,"87","19.1",28,4.9,33.5,"97.262123875","92.701969188",19.7,47.4
"Crow-Armstrong, Pete",691718,2025,229,24,3.9,".372",".352","71.9",19.2,13.6,10.3,32.7,24.8,"7.2",9,14.7,-2.2,48,35.7,"89.6","23.8",38.4,14,40.9,"100.261859747","94.562338153",26.7,61.8
"Robert Jr., Luis",673357,2025,204,28.9,10.8,".264",".322","75.6",57.9,15.2,11.3,25.1,18.6,"7.8",12,11.7,-4.7,56.2,36.6,"90.2","19.3",33.9,12.4,46.3,"102.0524765","95.411262917",30.8,51.9
"Sweeney, Trey",700242,2025,190,22.6,8.4,".281",".280","73.7",29.9,14.3,10.9,27.7,21.2,"7.6",6,7.4,-2.7,55.9,25.3,"88.5","8.6",29,6.1,34.4,"99.003632308","93.636502946",25,51.1
"McCutchen, Andrew",457705,2025,187,17.6,13.9,".335",".358","70.9",10,14.1,10.6,34.4,25.9,"7.7",7,15.8,-1.9,50.8,34,"88.9","12.7",28,9.6,41.6,"99.719191429","94.09059208",27,43.9
"Butler, Lawrence",671732,2025,220,24.5,7.7,".319",".307","73.6",37.2,19.6,13.4,37.6,25.7,"6.9",7,5.6,3.3,41.3,31.1,"91.8","8.8",32.2,9.4,45.6,"102.1710112","95.790509732",33.7,47.6
"Frazier, Adam",624428,2025,171,15.2,8.2,".298",".267","65.7",1.7,1.2,1,34,28.7,"6.9",6,9.4,3.1,45.7,38.2,"84.8","16.2",33.3,0,16.3,"93.822366406","90.921839453",17.8,49.4
"Pasquantino, Vinnie",686469,2025,228,18,5.3,".309",".334","73.2",35.3,19,15.6,37.1,30.3,"7.4",8,9.6,-8.2,53.1,29.1,"91.1","15.5",34.1,9.2,44.5,"101.337620698","94.981835465",20.2,48.9
"Smith, Josh",669701,2025,175,17.7,9.1,".318",".334","69.2",3.9,11.8,9.5,37.6,30.2,"6.7",3,8.2,-2.6,43.9,35.7,"87.9","13.6",33.9,5.5,34.6,"98.231240323","93.291154553",19.9,48.3
"Torres, Gleyber",650402,2025,180,10,12.8,".359",".409","69.8",12,17.5,14.3,40.6,33.2,"7.1",4,9,3.4,55.2,33.6,"90.2","16.4",39,11.8,37.5,"99.8627175","94.227460593",18.2,40.8
"Happ, Ian",664023,2025,216,21.3,12.5,".316",".346","72.2",20.1,12.8,9.9,31.5,24.3,"7",3,9.8,-6.5,50.3,32,"89","16.6",37.3,7.7,38.7,"100.085549577","94.272479716",23.2,44.3
"Donovan, Brendan",680977,2025,224,10.7,7.6,".375",".390","68.6",3.4,18.5,16.3,42,37,"6.8",3,7.9,2.3,46.1,30.2,"89.4","9.6",43.6,7.8,42.5,"100.193619213","94.527674831",12.3,44.9
"Realmuto, J.T.",592663,2025,185,25.4,9.2,".302",".326","72.4",30.6,16.9,12.9,29.6,22.7,"7.5",5,13.5,0.7,56.5,33.1,"90.9","10.2",35.5,11.6,45.5,"101.953992459","95.224317686",25,48.3
"Bart, Joey",663698,2025,168,23.8,11.9,".304",".337","73.7",39.6,20.1,14.6,34.5,25,"7.3",6,9.1,-1.1,47.1,34.2,"89.1","10.8",38.1,10.5,45.7,"101.790503019","95.181873333",27.5,40.2
"Santander, Anthony",623993,2025,197,25.9,10.7,".267",".280","71.9",20.2,13.3,10.4,28.3,22.1,"7.2",3,7.9,-9.4,56.9,24.1,"90.1","17.7",28.8,4.8,41.6,"100.166568095","94.36068072",23.8,49.4
"Sosa, Lenyn",672820,2025,183,23,2.7,".304",".318","71.6",17.8,15.2,11.8,36.8,28.7,"7.4",4,10.8,1.2,56.7,32.8,"90.9","19.1",41.2,6.6,41.9,"100.371272985","94.739087218",23.7,56.6
"Yelich, Christian",592885,2025,221,26.7,10.4,".292",".309","72.8",30.7,16.3,11.9,31.2,22.7,"7.5",10,9.6,6.7,49.2,35.7,"90.8","-0.7",24.8,5.1,47.4,"102.352621324","95.464653309",30.5,45.7
"Friedl Jr., TJ",670770,2025,227,15.9,11,".347",".306","69.5",4.1,13.5,11.2,37.3,31,"6.6",2,9.3,-8.1,57.8,27.7,"87.5","12.4",31.7,1.8,32.3,"97.534849231","92.836315321",15.7,39.8
"Ramírez, José",608070,2025,215,10.2,7.9,".380",".359","71",16.5,14,11.9,36.3,30.7,"7.2",6,9.5,-9.6,60.9,30.7,"88.6","21.7",39.1,8.6,37.9,"98.966018736","93.575500575",16.1,47.6
"Abreu, Wilyer",677800,2025,203,20.2,11.3,".359",".389","74.4",42.7,18.4,15.5,26.6,22.4,"7.1",9,8.7,-0.3,56.5,30.7,"90.9","24.2",30.9,13.7,46,"102.814279","95.755365396",19.3,52.7
"Espinal, Santiago",669289,2025,168,10.1,8.3,".299",".274","68.1",2.5,6.6,5.8,39.6,34.9,"7.3",5,6,-1,53.1,34.1,"86.2","13.4",32.8,0.7,25.5,"95.92638209","91.966706045",14.6,43.4
"Riley, Austin",663586,2025,231,28.1,6.5,".332",".345","75.7",57.5,18.4,13.4,28.7,20.9,"7.5",8,10.7,-4.2,48.6,32.5,"92.5","17",39.2,15.5,52,"104.373659865","96.8686875",28.7,51.5
"Chapman, Matt",656305,2025,223,25.1,15.7,".333",".361","75.2",52.5,18.6,14.2,30.6,23.3,"7.4",13,4.4,-2.3,46.6,25.3,"93.8","22",31.8,11.4,50,"103.187176212","96.210241364",27.2,40.7
"Goldschmidt, Paul",502671,2025,214,15.9,7.5,".387",".373","72.6",23.6,15.9,13.3,33.6,28,"7.6",4,10.1,1.7,56.2,31.7,"89.9","12.1",39.8,8.7,39.1,"100.49305925","94.459782264",19,48.6
"Schanuel, Nolan",694384,2025,206,13.1,12.6,".338",".345","67.9",6.9,10.9,9.4,41.4,35.9,"6.7",5,7.9,-0.1,47.5,38.1,"88.2","11.7",43.7,4.6,29.1,"97.018315867","92.589663356",14.4,41.1
"Soto, Juan",665742,2025,238,16.8,17.2,".339",".425","73.3",38.2,28.1,23.7,40.6,34.2,"7",15,10.6,5.1,67.4,28,"93.7","7.4",29.9,14,55.4,"104.533738205","97.286485484",19.4,34.4
"Albies, Ozzie",645277,2025,224,15.2,7.6,".291",".301","68.2",6.4,8.3,6.7,34,27.5,"7.2",8,12,-5.2,58.8,35,"86.5","19.9",37.8,4.1,26.7,"96.031255814","92.018111047",21.4,54.2
"Bleday, JJ",668709,2025,189,21.7,11.1,".291",".281","72",18.6,13.9,10.8,35.1,27.1,"7.6",9,14.2,-13.7,53.5,30.4,"88.8","22",28.3,3.9,40.2,"99.668760938","93.968125669",24.4,44.2
"Soler, Jorge",624585,2025,206,29.1,7.8,".298",".302","73.9",39,16,11.6,29.2,21.1,"7.8",5,9.3,-8.9,55.1,32.9,"89.7","14.1",33.3,11.1,40.5,"101.119871746","94.676851587",30.2,45.3
"Kwan, Steven",680757,2025,227,9.3,7,".356",".342","63.4",1.7,4.1,3.8,37.9,34.9,"6.4",3,2.7,-2.2,32.9,36.5,"86.6","11.3",40.1,2.1,23,"95.497443333","91.768691778",8.5,41.5
"García, Adolis",666969,2025,209,25.8,5.3,".281",".320","72.2",24.7,16.8,11.8,36.6,25.7,"7.7",6,9.3,-3.9,63.8,27.6,"92.6","22",31.9,14.9,47.5,"101.956035775","95.623769787",31.4,54.9
"Walker, Christian",572233,2025,218,26.6,6.4,".279",".312","74.2",41,15.4,11.8,27.2,20.9,"7.4",15,8.4,-3,54.8,29.1,"90.5","14.7",35.9,12,46.5,"102.351598873","95.561010634",25.8,50.3
"Pages, Andy",681624,2025,202,21.3,5.4,".337",".326","72.9",22.7,11.6,9.3,27.4,22.1,"7.9",10,8.2,-3.8,50.4,41.4,"89.1","17.8",40,8.3,35.9,"98.959341644","93.583185172",20.8,54.1
"Bell, Josh",605137,2025,170,23.5,10.6,".251",".300","71.9",22.3,13.9,9.9,32.3,23,"8.1",2,11.5,-4.1,57.1,34.6,"88.2","11",30,8.2,39.1,"100.296446111","94.327617944",29.7,47.1
"Wagaman, Eric",676572,2025,193,17.6,6.7,".298",".340","72.9",31.4,20.4,16,38.9,30.7,"7.1",12,6.9,-2.5,44.3,28.5,"91.5","11.9",37,7.5,46.6,"102.052488356","95.448387534",25.1,45.9
"Bogaerts, Xander",593428,2025,206,19.9,11.7,".290",".319","72.5",25.1,15.4,12.5,34.8,28.4,"7.3",2,10.7,-7.4,56.1,30.8,"89.7","12",37.1,4.3,40,"100.381204348","94.27674029",20.1,39.5
"McKinstry, Zach",656716,2025,194,25.3,12.4,".340",".322","66.8",0.9,8.1,6.3,31.7,24.4,"6.7",3,8.2,4.8,40.6,37.8,"86.7","11",47.9,6.6,36.4,"97.591253667","92.814722917",24.5,45.1
"Hoerner, Nico",663538,2025,214,7.9,5.6,".315",".312","68.3",4.1,9.6,8.8,40.1,36.7,"7.2",6,5.7,-2.4,48.9,33.8,"86.8","12.9",33.3,1.6,27.3,"96.083121758","92.122383646",10.3,47.7
"McLain, Matt",680574,2025,194,32,10.8,".275",".313","69.9",6.6,14.3,10.1,33,23.4,"6.9",7,11.8,-0.5,58,31.6,"89.9","16.5",38.9,10.2,47.2,"100.722122642","94.692668019",29.8,41.3
"Nimmo, Brandon",607043,2025,201,19.4,7.5,".297",".337","71.5",22.5,18.6,14.6,37.2,29.2,"7.2",7,6.4,2.8,49.2,29.1,"92.4","10.9",31.5,11,52.7,"102.005245479","95.814138904",21.9,47
"Bohm, Alec",664761,2025,208,16.8,3.8,".305",".335","71.5",14.3,17.8,15.3,39.5,34,"7.4",4,5.2,4.4,46.4,29.6,"90.9","7.2",37.7,7.4,48.1,"100.895043","95.124865625",15.3,48.6
"Chourio, Jackson",694192,2025,242,21.9,3.3,".301",".289","73.7",41.2,15.4,11.8,31.8,24.4,"7.7",9,6.9,-0.6,55.9,25.9,"87.2","10.1",31.7,7.2,40,"100.314041","94.302328547",25.8,56.3
"Abrams, CJ",682928,2025,177,18.6,6.2,".381",".369","72.6",27.5,16.4,12.8,32.4,25.3,"7.6",10,9.7,-3.2,58.2,28.2,"90.3","14.8",39.5,10.1,44.2,"100.852501406","94.709706797",23.2,49.1
"McMahon, Ryan",641857,2025,213,30,15,".310",".340","74.4",44.6,18.1,12.2,32.1,21.6,"7.5",14,15.1,-2.3,46.9,39.1,"94","15",31.9,12.1,49.1,"102.828301964","96.412014595",34.3,44
"Rice, Ben",700250,2025,183,24,8.7,".366",".412","74.3",43.4,24,18.4,38.7,29.6,"7.5",7,11.5,-6.7,56.9,34.2,"94.3","12.1",37.6,18.8,58.1,"105.065623729","97.848830855",27,44.9
"Volpe, Anthony",683011,2025,220,25.5,10,".333",".332","72.1",22.4,19.2,14.2,35.6,26.4,"7.1",6,10.5,5.1,62.5,31.4,"91","10.1",32.1,10.7,49.3,"101.834683286","95.602534929",27,43.3
"Gurriel Jr., Lourdes",666971,2025,213,12.7,5.2,".303",".320","70.9",11.7,14.8,12.3,36.1,30.1,"7.5",9,9.9,-6,51.3,35.9,"87.7","16.5",36.2,8.6,36.8,"99.187464943","93.707601156",18.3,52
"Harper, Bryce",547180,2025,239,17.6,13.8,".361",".392","74.4",46.8,20,13.3,32.6,21.7,"7.4",8,12.1,-3.4,49.8,35.4,"91.6","14.6",43.2,10.5,50,"102.451600625","95.679629313",35.5,52.6
"Beck, Jordan",687597,2025,171,29.8,7.6,".371",".347","73.7",39.6,15,10.4,27.5,18.9,"7.8",2,10.5,-4.5,57.1,32,"89.4","14.4",41.5,15.1,42.5,"100.822957736","94.745924476",32.8,48.5
"Lowe, Brandon",664040,2025,200,25.5,7,".316",".361","72.7",26,16.3,11.5,33.5,23.5,"7.1",10,14.2,-0.9,50,33.4,"92.1","13.5",39.3,11.9,45.2,"102.070410294","95.491206593",32.9,53.9
"Vargas, Miguel",678246,2025,210,17.6,8.6,".324",".329","70.5",11,13.5,11.3,34.7,28.8,"7.6",7,11.6,-3.7,69.8,34.8,"90.3","22.8",36.2,9.9,42.8,"99.610067763","94.218832434",19.1,47.3
"Correa, Carlos",621043,2025,170,18.2,5.3,".282",".317","73.4",37.1,16.7,13.2,27.5,21.8,"7.2",1,7.7,0.2,43.6,31.7,"89.3","3.9",29.2,5.4,40.8,"101.487484","94.989834341",20.1,50.5
"Edwards, Xavier",669364,2025,194,17.5,9.8,".287",".279","66.5",1.8,4.5,4,34.3,30.4,"6.4",2,2.4,2.1,31.5,30.7,"86.3","10.6",31.4,0,28.6,"96.087242537","92.09943188",10.9,46.8
"Vaughn, Andrew",683734,2025,193,22.3,3.6,".233",".321","70",9.3,15.5,12.3,37.9,29.9,"7.4",7,8.3,-1.7,50,27.9,"91.5","15.4",35.7,13.3,48.3,"101.570772222","95.294714685",23.3,49.7
"Machado, Manny",592518,2025,215,16.3,10.7,".387",".410","74.9",46.3,22.8,17.3,37,27.9,"7.8",6,7.2,-0.2,55.9,27.1,"93.1","13.6",39.5,12.1,53.5,"104.036782278","96.797592739",25.6,48.3
"Contreras, William",661388,2025,215,19.1,15.8,".325",".330","72.6",26.9,16.8,13,35.1,27.2,"7",9,10.7,7,68,29.5,"90.1","4.6",32.1,5.7,41.4,"101.788113571","95.130212734",25.8,44.7
"Devers, Rafael",646240,2025,254,22.8,16.9,".405",".418","71.9",21.4,17.9,12.2,32.7,22.3,"7.6",11,7.9,6.9,55.5,29.1,"94.8","14.3",40.1,17.1,58.6,"104.100791184","97.195964671",32.7,48.4
"Scott II, Victor",687363,2025,185,24.9,9.2,".322",".297","68.3",3.8,7.9,5.7,34.7,25.1,"6.4",7,10.2,-0.2,56.3,32.4,"87","13.2",39.2,4.2,30,"97.291753455","92.650335636",28,47.5
"Nootbaar, Lars",663457,2025,241,17.8,13.3,".327",".358","74.3",47.7,20.7,16.9,35.6,29,"7",6,10.7,-4.4,59.2,28.4,"92.1","17.3",36.6,11,52.4,"102.466397073","95.902714817",18.4,38.5
"Turang, Brice",668930,2025,222,22.5,9.5,".313",".344","69.1",10.6,11.4,9.3,33.3,27.1,"6.7",12,4.8,10.1,41.2,29.7,"91.3","7.9",36.7,8.7,43.3,"99.935155205","94.411117123",21,47
"Lowe, Nathaniel",663993,2025,222,27.5,8.6,".301",".316","72.4",25.1,13.8,10.9,27.3,21.4,"7.3",14,5.7,8.1,45.7,30.1,"90.4","11.1",33.3,7.1,44.7,"101.240109857","95.221708705",24.6,45.9
"Winn, Masyn",691026,2025,176,22.7,10.2,".336",".319","71.2",17.3,14,10.8,32.1,24.8,"7.6",2,7.4,-4.8,48.6,28.8,"88.8","17",34.8,7,37.4,"100.035837857","94.239085135",22.9,41.9
"Carpenter, Kerry",681481,2025,193,19.2,3.6,".351",".369","71.8",16.7,16.4,13.1,36.6,29.2,"7.4",6,14.8,1,53.6,33.3,"91.7","19.6",35.6,13.7,47.3,"101.364361389","95.376003403",22.6,56.4
"O'Hearn, Ryan",656811,2025,176,15.9,11.4,".422",".399","72.3",21.4,19.9,16.7,34.2,28.6,"7.2",8,11.3,-0.2,41.7,32.6,"90.3","8.8",40,8.8,49.6,"100.963755079","94.92257976",19.7,43.9
"France, Ty",664034,2025,205,14.6,4.9,".304",".356","70.6",9.6,16,13.1,35.1,28.8,"7.4",7,10.5,5.9,47.1,35.2,"89.3","9.6",34.4,9.6,41.4,"100.457211923","94.490194551",20.7,50.3
"Lux, Gavin",666158,2025,185,24.3,13,".355",".322","69.3",4.1,14.1,11,35.7,27.9,"7.5",10,12.2,1.9,43.8,33.8,"89","9.8",40.5,4.3,41.4,"98.424064655","93.293062586",23.7,42.7
"Ohtani, Shohei",660271,2025,245,24.1,13.9,".433",".478","76.3",62.4,30.8,21.6,39.6,27.8,"8",6,15.3,-3.8,54.6,36.5,"96","13.7",38.2,23,65.1,"107.153577895","99.384422171",30.4,43.5
"Smith, Will",669257,2025,171,17.5,18.1,".424",".412","69.5",4.7,15.9,12.9,36.5,29.6,"7.2",9,10,1.5,61.8,33.6,"91.7","21.3",42.6,13.9,48.1,"101.272893148","95.102550278",20.4,37.1
"Olson, Matt",621566,2025,226,23.9,13.3,".355",".384","73.3",37.8,18.9,14,31.3,23.1,"7.4",6,8.6,2.1,55.8,33.5,"94.5","13.2",36.9,19.1,56,"104.482421972","97.343754043",26.1,44.5
"Henderson, Gunnar",683002,2025,201,27.9,8.5,".341",".324","75.4",52.9,25.2,18.8,35.1,26.2,"7.3",6,8.9,2,50.5,29.5,"94.7","10.1",28.1,9.4,57.8,"104.978040625","97.804045859",29.1,45.9
"Langeliers, Shea",669127,2025,194,16,9.3,".322",".346","72",18.5,16.4,12.9,35.3,27.7,"7.1",0,11,-0.7,60.4,31,"90.6","11.9",32.4,10.3,46.2,"102.254523889","95.420255556",21.5,48.4
"Crawford, J.P.",641487,2025,208,20.7,15.4,".338",".341","70.9",18.5,9.1,7.3,27.8,22.2,"7.1",3,4.2,1.1,35,36.3,"86.6","12.8",38.6,6.8,34.8,"97.424184615","92.756481085",20.2,41.7
"Naylor, Josh",647304,2025,225,12.4,8.4,".348",".340","70.4",12.8,19.8,16.5,38.8,32.3,"7.4",10,5.4,-5.8,46.6,31.4,"89.9","9.4",28.4,6.3,44.3,"101.585621818","95.057677557",18.5,51.1
"Lindor, Francisco",596019,2025,245,16.3,8.2,".348",".352","70.4",15.4,13.3,10.7,31.5,25.4,"7.5",4,11,-1.1,50.3,34,"89.9","11.1",28.7,7.9,41.6,"100.553652045","94.653021943",19.1,47.7
"Arias, Gabriel",672356,2025,186,28,7,".297",".290","75.5",55.5,15.4,9.5,29.3,18.1,"7.6",10,9.6,1.5,52.8,29.5,"88.4","5.7",28,8.5,39.8,"100.655472931","94.506520259",40.3,57.2
"Muncy, Max",571970,2025,197,25.4,14.7,".300",".336","71.4",16.5,13.2,10,26,19.7,"7.1",7,18.5,-4.6,47.1,34.7,"89.9","18.1",36.5,10.4,48.7,"101.283662069","94.973982522",24.5,43.5
"Jung, Josh",673962,2025,179,21.8,6.1,".346",".349","70.8",5.8,17.5,13.5,33.6,25.9,"7.1",9,12.9,1.3,56.9,37.6,"88","12.4",40.6,10.9,42.2,"100.850592857","94.620305238",25.2,48.6
"Harris II, Michael",671739,2025,214,17.8,4.7,".255",".308","73.1",28.5,17.9,14.2,29.7,23.5,"7.7",7,5.3,1.9,47.4,29.5,"89.5","6.2",30.1,6,40.4,"102.480710366","95.259491098",21.6,53.6
"Buxton, Byron",621439,2025,173,32.4,6.4,".354",".336","74.9",47.1,20.3,14,31.2,21.5,"8",6,12.7,-6.2,57.3,33.6,"91.4","15.3",34.6,16.3,55.8,"103.565353846","96.589369904",34.7,50.9
"Ward, Taylor",621493,2025,222,27.5,6.8,".328",".342","69.6",6.3,17.3,13.7,38.8,30.7,"7.2",7,11.8,-4.8,61.3,32.6,"91.5","20.7",33.6,17.1,48.6,"102.202133425","95.701544384",21.7,39.7
"Arraez, Luis",650333,2025,200,2.5,4.5,".315",".284","62.4",0.3,2,1.9,43.2,41.2,"5.9",1,6.3,4.2,46,37.1,"84.8","13",38.4,0,16.2,"92.964927303","90.490865169",4.6,50.9
"Schwarber, Kyle",656941,2025,236,22,17.4,".417",".442","76.7",74,24.7,18.4,34.9,26,"7.5",16,13.2,-5.2,70.2,29.2,"93.9","17.4",33.8,16.5,59,"104.701950286","97.429011295",29.4,37.7
"Meyers, Jake",676694,2025,178,17.4,8.4,".341",".338","68.3",6.1,11.4,9.3,37.6,30.8,"6.9",11,6.1,-0.6,43.7,32.1,"88.8","9.3",33.3,4.5,37.9,"99.520818","93.959383846",21.5,47.8
"Doyle, Brenton",686668,2025,185,24.3,8.1,".274",".325","70.5",5.3,14.8,11.2,35.2,26.7,"7.3",9,11.9,0.7,71.6,30.4,"90.1","13.6",36,13.6,44,"101.308572222","94.934768",26.5,47.5
"Reynolds, Bryan",668804,2025,231,27.3,8.2,".270",".346","72.4",23.7,17,12.6,30.1,22.4,"7",14,13.1,1.9,50,38.1,"90.4","5.2",34,12.2,44.2,"102.185985342","95.375460548",28.9,47.7
"Rafaela, Ceddanne",678882,2025,184,19.6,5.4,".269",".338","71",13,17.6,12.7,35.5,25.8,"7.5",7,12.8,1.1,54.1,34.8,"90.5","10.1",34.1,13.3,45.9,"100.898912239","94.883528722",28,60.9
"Conforto, Michael",624424,2025,185,28.6,14.1,".269",".324","73.3",33.1,14.2,10.5,26.5,19.6,"7.3",5,11.4,-0.3,49.3,32.3,"90.6","12.5",33.7,10.9,46.5,"100.991316275","95.004696337",27.6,42.6
"Holliday, Jackson",702616,2025,185,22.7,5.4,".327",".338","71.2",10.9,18.8,14.8,35.9,28.2,"6.8",8,7.3,7.1,48.9,31.9,"90.7","8.2",36.9,9.2,46.9,"101.282367692","94.973154961",24,48.9
"Arozarena, Randy",668227,2025,218,28.4,12.8,".346",".357","72.3",29.3,20.3,13.9,34.7,23.8,"7.5",7,9.5,-0.3,63.8,25.5,"92","13.1",36.1,10.1,50.4,"102.9372965","96.17078563",32.7,41.7
"Stott, Bryson",681082,2025,197,18.3,7.6,".307",".314","68.9",5.3,6.8,5.6,32.3,26.9,"7.2",7,6.1,4.2,45.5,33.4,"86.8","14.8",40,5.5,27.6,"96.775308056","92.443297552",18.3,38.9
"Rutschman, Adley",668939,2025,200,16,12,".298",".361","70.2",15,12.5,11.1,39.9,35.4,"6.9",5,9.1,-1.3,50.4,34.5,"90.1","16.5",35.7,9.1,39.2,"99.595143889","94.105281399",13.6,38.8
"Díaz, Yandy",650490,2025,214,13.6,6.1,".302",".350","73.9",39.9,26.3,22.2,38.7,32.6,"7.7",3,3.9,4.8,38.3,24,"93","5.3",27.5,8.2,53.8,"105.15340407","97.373507953",16.4,44.9
"Duran, Jarren",680776,2025,258,21.3,6.2,".337",".341","74.1",40.9,21.9,16.5,34.9,26.3,"7.4",4,5.1,3,42.4,26.3,"92.8","11.5",34.2,8.2,48.4,"103.623877391","96.488479727",27,48.8
"Manzardo, Kyle",700932,2025,191,27.2,11,".328",".329","71.5",13.2,14.6,10.5,33.3,24,"7.6",10,18.6,-1.7,47.6,36.5,"90.2","21.7",35,13.7,45.3,"100.575879831","94.712376239",28.4,45
"Rooker Jr., Brent",667670,2025,238,23.9,8.4,".346",".384","73.9",39.4,18,13,35,25.2,"7.2",18,13.2,-6.5,44,35.1,"91","14.7",37.1,13.2,44.7,"101.4103815","95.211031761",30.9,50.5
"Kepler, Max",596146,2025,184,20.7,9.8,".318",".344","71.7",21.1,17.3,13.7,35.9,28.4,"7.3",10,7.1,-5.5,46,31.3,"90.4","14.3",32.8,12,48,"100.986526984","94.88859424",24.4,49.8
"Betts, Mookie",605141,2025,225,9.3,10.7,".333",".339","68.4",5.1,12.9,11.2,49,42.6,"7",13,9,-6.2,56.7,34,"88.9","15.6",38,3.9,36.3,"97.747050778","93.181583743",17,37.8
"Bregman, Alex",608324,2025,226,18.6,9.7,".404",".359","71.5",10.3,16.8,14.6,42.7,37.1,"7.1",7,14.7,-5.5,67.8,28,"92.1","19.7",32.1,10.3,48.1,"100.35640859","94.879955449",15.9,41.2
"Carroll, Corbin",682998,2025,247,25.1,8.1,".379",".398","74.9",47.9,20.2,15.4,30.3,23.1,"7.3",9,11,-4,73,25.6,"93.4","15.9",30.4,17.4,51.6,"104.748074","97.069884214",25.4,48.9
"Mountcastle, Ryan",663624,2025,188,23.4,4.3,".255",".311","75.2",52.6,14.3,10.2,28.7,20.5,"7.5",8,6.8,-1.8,41,36.1,"90.5","10.2",37.3,10.4,46.3,"101.288811791","95.064602836",29.6,57.4
"Perdomo, Geraldo",672695,2025,228,11,14.5,".378",".341","68.2",5.8,11.3,10.1,40,35.7,"6.8",7,7.1,-2.2,49.7,34.3,"88.6","13.7",36.3,4.8,32.1,"97.422663457","92.793611728",12,39
"Semien, Marcus",543760,2025,217,21.7,10.1,".231",".312","68.4",4.5,10.3,8.1,32.3,25.4,"7.7",10,16,-5.3,53.6,34.3,"88.3","19.6",34.9,8.2,35.6,"98.283471918","93.292187379",24.1,50.5
"Ramos, Heliot",671218,2025,223,23.3,7.2,".355",".345","73.5",41.3,14.6,11.6,27.6,22,"6.7",12,5.5,2.5,44.1,32.1,"90.9","7.3",30,13.3,44.7,"102.648903378","95.637296757",22.9,51
"Alonso, Pete",624413,2025,237,21.9,12.7,".397",".424","76.2",62.1,21.3,16.5,31.7,24.6,"7.1",3,10,-0.1,57.1,33.6,"94.5","13.2",38.7,19.3,56.7,"105.7912928","98.154423533",23.7,43.9
"De La Cruz, Elly",682829,2025,240,28.7,9.2,".324",".324","75.1",50.7,23,15.5,36,24.2,"7.2",7,9,0.3,50.7,33.7,"91.2","5.1",27.9,12.2,46.3,"103.4129","96.191111986",32.3,43
"Santana, Carlos",467793,2025,203,17.7,13.3,".321",".313","71.7",20,16.2,12.6,28.2,21.9,"7.6",4,12.9,-6.2,67.1,26.8,"88.2","14.2",25.5,8,40.1,"100.835305797","94.502092555",23.4,42